{"cameraMode":{"drawMode":0,"name":"Shaded","section":"Shading Mode"},"sceneLighting":true,"audioPlay":false,"sceneViewState":{"m_AlwaysRefresh":false,"showFog":true,"showSkybox":true,"showFlares":true,"showImageEffects":true,"showParticleSystems":true,"showVisualEffectGraphs":true,"m_FxEnabled":true},"in2DMode":false,"pivot":{"x":473.6000671386719,"y":273.6499938964844,"z":0.0000133514404296875},"rotation":{"x":-0.13702042400836945,"y":-0.2814074158668518,"z":0.04063577950000763,"w":-0.9488890767097473},"size":268.14031982421877,"orthographic":false}